{"cameraMode":{"drawMode":0,"name":"Shaded","section":"Shading Mode"},"sceneLighting":false,"audioPlay":false,"sceneViewState":{"showFog":true,"showMaterialUpdate":false,"showSkybox":true,"showFlares":true,"showImageEffects":true,"showParticleSystems":true},"in2DMode":false,"pivot":{"x":16.628360748291017,"y":4.43345832824707,"z":103.59625244140625},"rotation":{"x":-0.06324612349271774,"y":-0.02634841576218605,"z":0.0016702923458069563,"w":-0.9976487159729004},"size":308.22528076171877,"orthographic":false}